{"cameraMode":{"drawMode":0,"name":"Shaded","section":"Shading Mode"},"sceneLighting":true,"audioPlay":false,"sceneViewState":{"showFog":true,"showMaterialUpdate":false,"showSkybox":true,"showFlares":true,"showImageEffects":true,"showParticleSystems":true},"in2DMode":false,"pivot":{"x":1.0515620708465577,"y":-0.4349218010902405,"z":1.1552114486694337},"rotation":{"x":0.1547284722328186,"y":0.024294069036841394,"z":-0.0038058655336499216,"w":0.987650990486145},"size":27.25853729248047,"orthographic":false}